"","SCI_NAME_KEY","prev","COM_NAME","SPECIES_CODE","COUNT","X","GROUP","HIGHLIGHT_GROUP"
"1","Acanthis_flammea",0.510566904431761,"Common Redpoll","comred",25302,487,"landbird","landbird"
"2","Accipiter_cooperii",2.54778191756081,"Cooper's Hawk","coohaw",1006627,69,"landbird","landbird"
"3","Accipiter_striatus",1.09014004568962,"Sharp-shinned Hawk","shshaw",409205,160,"landbird","landbird"
"4","Actitis_macularius",0.0263518003456324,"Spotted Sandpiper","sposan",683275,103,"shorebird","shorebird"
"5","Aechmophorus_clarkii",4.9998374e-05,"Clark's Grebe","clagre",105323,333,"waterbird","waterbird"
"6","Aechmophorus_occidentalis",0.00992047363257508,"Western Grebe","wesgre",282462,203,"waterbird","waterbird"
"7","Aeronautes_saxatalis",4.9998374e-05,"White-throated Swift","whtswi",129733,308,"landbird","landbird"
"8","Agelaius_phoeniceus",3.88262975358337,"Red-winged Blackbird","rewbla",4310234,7,"landbird","blackbird"
"9","Agelaius_tricolor",4.9998374e-05,"Tricolored Blackbird","tribla",29572,468,"landbird","blackbird"
"10","Aimophila_ruficeps",4.9998374e-05,"Rufous-crowned Sparrow","rucspa",86196,346,"landbird","landbird"
"11","Aix_sponsa",0.611775617898378,"Wood Duck","wooduc",1035772,65,"waterfowl","waterfowl"
"12","Alca_torda",0.158210498339656,"Razorbill","razorb",24774,494,"waterbird","waterbird"
"13","Alopochen_aegyptiaca",0.000242261116546589,"Egyptian Goose","egygoo",31627,457,"waterfowl","waterfowl"
"14","Amazilia_yucatanensis",0.00277057860414612,"Buff-bellied Hummingbird","bubhum",43512,423,"landbird","landbird"
"15","Amazona_viridigenalis",4.9998374e-05,"Red-crowned Parrot","recpar",23650,500,"landbird","landbird"
"16","Ammodramus_savannarum",0.0104541581635733,"Grasshopper Sparrow","graspa",125770,313,"landbird","landbird"
"17","Ammospiza_caudacuta",0.00214926519513984,"Saltmarsh Sparrow","sstspa",24824,492,"landbird","landbird"
"18","Ammospiza_maritima",0.00291514043851348,"Seaside Sparrow","seaspa",45174,418,"landbird","landbird"
"19","Amphispiza_bilineata",0.000122582514202764,"Black-throated Sparrow","bktspa",132209,306,"landbird","landbird"
"20","Anas_acuta",0.91946898481293,"Northern Pintail","norpin",443771,150,"waterfowl","waterfowl"
"21","Anas_crecca",0.754268128723284,"Green-winged Teal","gnwtea",737058,91,"waterfowl","waterfowl"
"22","Anas_fulvigula",0.00429087483029139,"Mottled Duck","motduc",215947,236,"waterfowl","waterfowl"
"23","Anas_platyrhynchos",22.147848231754,"Mallard","mallar3",3783031,15,"waterfowl","waterfowl"
"24","Anas_rubripes",5.89851656281127,"American Black Duck","ambduc",561643,121,"waterfowl","waterfowl"
"25","Anhinga_anhinga",0.150332327086437,"Anhinga","anhing",395926,164,"waterbird","waterbird"
"26","Anser_albifrons",0.672706848273118,"Greater White-fronted Goose","gwfgoo",142932,299,"waterfowl","waterfowl"
"27","Anser_caerulescens",1.35738273934874,"Snow Goose","snogoo",238274,221,"waterfowl","waterfowl"
"28","Anser_rossii",0.293704046625934,"Ross's Goose","rosgoo",66880,374,"waterfowl","waterfowl"
"29","Anthus_rubescens",0.227713961974212,"American Pipit","amepip",308429,192,"landbird","landbird"
"30","Antigone_canadensis",0.153450712396007,"Sandhill Crane","sancra",381522,168,"waterbird","waterbird"
"31","Antrostomus_carolinensis",4.9998374e-05,"Chuck-will's-widow","chwwid",36138,437,"landbird","landbird"
"32","Antrostomus_vociferus",0.000506948580803302,"Eastern Whip-poor-will","whip-p1",27345,477,"landbird","landbird"
"33","Aphelocoma_californica",4.9998374e-05,"California Scrub-Jay","cowscj1",700896,97,"landbird","landbird"
"34","Aphelocoma_wollweberi",4.9998374e-05,"Mexican Jay","mexjay4",68899,371,"landbird","landbird"
"35","Aphelocoma_woodhouseii",4.9998374e-05,"Woodhouse's Scrub-Jay","wooscj2",174747,271,"landbird","landbird"
"36","Aquila_chrysaetos",0.0120620271549892,"Golden Eagle","goleag",86887,345,"landbird","landbird"
"37","Aramus_guarauna",0.00705832984119642,"Limpkin","limpki",92330,341,"waterbird","waterbird"
"38","Aratinga_nenday",4.9998374e-05,"Nanday Parakeet","bkhpar",24898,489,"landbird","landbird"
"39","Archilochus_alexandri",0.00997209422647908,"Black-chinned Hummingbird","bkchum",268504,210,"landbird","landbird"
"40","Archilochus_colubris",0.0626015371557059,"Ruby-throated Hummingbird","rthhum",904206,77,"landbird","landbird"
"41","Ardea_alba",0.755968008555716,"Great Egret","greegr",2152409,32,"waterbird","wading"
"42","Ardea_herodias",5.09784312610247,"Great Blue Heron","grbher3",3281926,18,"waterbird","wading"
"43","Ardenna_creatopus",4.9998374e-05,"Pink-footed Shearwater","pifshe",51241,399,"waterbird","waterbird"
"44","Ardenna_grisea",4.9998374e-05,"Sooty Shearwater","sooshe",68409,372,"waterbird","waterbird"
"45","Arenaria_interpres",0.109070590360612,"Ruddy Turnstone","rudtur",272410,207,"shorebird","shorebird"
"46","Arenaria_melanocephala",4.9998374e-05,"Black Turnstone","blktur",69738,370,"shorebird","shorebird"
"47","Arremonops_rufivirgatus",4.9998374e-05,"Olive Sparrow","olispa",45661,417,"landbird","landbird"
"48","Asio_flammeus",0.02353085640341,"Short-eared Owl","sheowl",32814,449,"landbird","landbird"
"49","Athene_cunicularia",0.00214362585217114,"Burrowing Owl","burowl",60331,382,"landbird","landbird"
"50","Auriparus_flaviceps",4.9998374e-05,"Verdin","verdin",303619,194,"landbird","landbird"
"51","Aythya_affinis",2.38196603112179,"Lesser Scaup","lessca",552657,123,"waterfowl","waterfowl"
"52","Aythya_americana",2.5565215451967,"Redhead","redhea",373709,173,"waterfowl","waterfowl"
"53","Aythya_collaris",3.13183417090442,"Ring-necked Duck","rinduc",723444,92,"waterfowl","waterfowl"
"54","Aythya_marila",3.76310942997462,"Greater Scaup","gresca",202318,245,"waterfowl","waterfowl"
"55","Aythya_valisineria",1.53264790177821,"Canvasback","canvas",248156,215,"waterfowl","waterfowl"
"56","Baeolophus_atricristatus",4.9998374e-05,"Black-crested Titmouse","blctit4",186705,260,"landbird","landbird"
"57","Baeolophus_bicolor",25.4601392733222,"Tufted Titmouse","tuftit",3439484,17,"landbird","landbird"
"58","Baeolophus_inornatus",4.9998374e-05,"Oak Titmouse","oaktit",324345,186,"landbird","landbird"
"59","Baeolophus_ridgwayi",4.9998374e-05,"Juniper Titmouse","juntit1",38388,434,"landbird","landbird"
"60","Baeolophus_wollweberi",4.9998374e-05,"Bridled Titmouse","britit",74663,365,"landbird","landbird"
"61","Bartramia_longicauda",4.9998374e-05,"Upland Sandpiper","uplsan",31893,456,"shorebird","shorebird"
"62","Bombycilla_cedrorum",2.07057640864602,"Cedar Waxwing","cedwax",1370602,53,"landbird","landbird"
"63","Bonasa_umbellus",0.0287357349638682,"Ruffed Grouse","rufgro",26251,480,"landbird","landbird"
"64","Botaurus_lentiginosus",0.0146138371741053,"American Bittern","amebit",82595,350,"waterbird","wading"
"65","Branta_bernicla",0.352729965604965,"Brant","brant",188282,258,"waterfowl","waterfowl"
"66","Branta_canadensis",23.1728154068014,"Canada Goose","cangoo",4009420,9,"waterfowl","waterfowl"
"67","Branta_hutchinsii",0.463651623317912,"Cackling Goose","cacgoo1",127543,312,"waterfowl","waterfowl"
"68","Bubo_scandiacus",0.727095449019613,"Snowy Owl","snoowl1",34617,443,"landbird","landbird"
"69","Bubo_virginianus",0.141433496239904,"Great Horned Owl","grhowl",314452,190,"landbird","landbird"
"70","Bubulcus_ibis",0.0230958993009751,"Cattle Egret","categr",374588,172,"waterbird","wading"
"71","Bucephala_albeola",7.53276388784248,"Bufflehead","buffle",1027433,66,"waterfowl","waterfowl"
"72","Bucephala_clangula",8.44606613156804,"Common Goldeneye","comgol",440061,151,"waterfowl","waterfowl"
"73","Buteo_jamaicensis",6.51486549538466,"Red-tailed Hawk","rethaw",2873623,23,"landbird","landbird"
"74","Buteo_lagopus",0.297957021034007,"Rough-legged Hawk","rolhaw",72214,367,"landbird","landbird"
"75","Buteo_lineatus",2.62620015120019,"Red-shouldered Hawk","reshaw",1294568,56,"landbird","landbird"
"76","Buteo_plagiatus",4.9998374e-05,"Gray Hawk","gryhaw2",41753,428,"landbird","landbird"
"77","Buteo_platypterus",4.9998374e-05,"Broad-winged Hawk","brwhaw",160426,286,"landbird","landbird"
"78","Buteo_regalis",4.9998374e-05,"Ferruginous Hawk","ferhaw",54246,393,"landbird","landbird"
"79","Buteo_swainsoni",0.000228105763755241,"Swainson's Hawk","swahaw",163281,279,"landbird","landbird"
"80","Butorides_virescens",0.0187152928796104,"Green Heron","grnher",767191,89,"waterbird","wading"
"81","Cairina_moschata",0.0191455215593766,"Muscovy Duck","musduc",45035,419,"waterfowl","waterfowl"
"82","Calamospiza_melanocorys",0.000585703706464034,"Lark Bunting","larbun",39665,433,"landbird","landbird"
"83","Calcarius_lapponicus",0.120995129330674,"Lapland Longspur","laplon",34479,444,"landbird","landbird"
"84","Calidris_alba",0.539641722438883,"Sanderling","sander",378612,170,"shorebird","shorebird"
"85","Calidris_alpina",0.165965616974003,"Dunlin","dunlin",308230,193,"shorebird","shorebird"
"86","Calidris_bairdii",4.9998374e-05,"Baird's Sandpiper","baisan",58421,386,"shorebird","shorebird"
"87","Calidris_canutus",0.0148543079226814,"Red Knot","redkno",57772,387,"shorebird","shorebird"
"88","Calidris_fuscicollis",4.9998374e-05,"White-rumped Sandpiper","whrsan",51073,402,"shorebird","shorebird"
"89","Calidris_himantopus",0.000278081046734621,"Stilt Sandpiper","stisan",83614,348,"shorebird","shorebird"
"90","Calidris_maritima",0.167888882319513,"Purple Sandpiper","pursan",29069,469,"shorebird","shorebird"
"91","Calidris_mauri",0.0153636322366584,"Western Sandpiper","wessan",221996,230,"shorebird","shorebird"
"92","Calidris_melanotos",0.000354679577144393,"Pectoral Sandpiper","pecsan",167037,278,"shorebird","shorebird"
"93","Calidris_minutilla",0.0365331661197913,"Least Sandpiper","leasan",676277,106,"shorebird","shorebird"
"94","Calidris_pusilla",4.9998374e-05,"Semipalmated Sandpiper","semsan",240382,220,"shorebird","shorebird"
"95","Calidris_virgata",4.9998374e-05,"Surfbird","surfbi",25776,484,"shorebird","shorebird"
"96","Callipepla_californica",4.9998374e-05,"California Quail","calqua",280172,204,"landbird","landbird"
"97","Callipepla_gambelii",4.9998374e-05,"Gambel's Quail","gamqua",188010,259,"landbird","landbird"
"98","Callipepla_squamata",4.9998374e-05,"Scaled Quail","scaqua",34035,446,"landbird","landbird"
"99","Calonectris_diomedea",4.9998374e-05,"Cory's Shearwater","corshe",23859,497,"waterbird","waterbird"
"100","Calypte_anna",0.00314191578985773,"Anna's Hummingbird","annhum",986146,72,"landbird","landbird"
"101","Calypte_costae",0.00103401919519293,"Costa's Hummingbird","coshum",77159,361,"landbird","landbird"
"102","Campylorhynchus_brunneicapillus",4.9998374e-05,"Cactus Wren","cacwre",151277,292,"landbird","landbird"
"103","Caracara_cheriway",0.00663682843998669,"Crested Caracara","crecar1",145934,297,"landbird","landbird"
"104","Cardellina_canadensis",4.9998374e-05,"Canada Warbler","canwar",92357,340,"landbird","warbler"
"105","Cardellina_pusilla",0.00503388568583969,"Wilson's Warbler","wlswar",394469,166,"landbird","warbler"
"106","Cardinalis_cardinalis",31.9925148105422,"Northern Cardinal","norcar",6250571,2,"landbird","landbird"
"107","Cardinalis_sinuatus",4.9998374e-05,"Pyrrhuloxia","pyrrhu",94706,338,"landbird","landbird"
"108","Cathartes_aura",10.094178833026,"Turkey Vulture","turvul",3864814,13,"landbird","landbird"
"109","Catharus_fuscescens",4.9998374e-05,"Veery","veery",225063,229,"landbird","thrush"
"110","Catharus_guttatus",1.52462712144689,"Hermit Thrush","herthr",685652,102,"landbird","thrush"
"111","Catharus_minimus",0.000202925985658454,"Gray-cheeked Thrush","gycthr",59190,384,"landbird","thrush"
"112","Catharus_ustulatus",9.086985505387e-05,"Swainson's Thrush","swathr",319149,187,"landbird","thrush"
"113","Catherpes_mexicanus",4.9998374e-05,"Canyon Wren","canwre",127697,311,"landbird","landbird"
"114","Centronyx_henslowii",0.00158756233411705,"Henslow's Sparrow","henspa",30776,462,"landbird","landbird"
"115","Cepphus_columba",4.9998374e-05,"Pigeon Guillemot","piggui",31327,459,"waterbird","waterbird"
"116","Cerorhinca_monocerata",4.9998374e-05,"Rhinoceros Auklet","rhiauk",32555,451,"waterbird","waterbird"
"117","Certhia_americana",2.34793764493057,"Brown Creeper","brncre",474280,141,"landbird","landbird"
"118","Chaetura_pelagica",4.9998374e-05,"Chimney Swift","chiswi",1012269,68,"landbird","landbird"
"119","Chaetura_vauxi",4.9998374e-05,"Vaux's Swift","vauswi",28893,471,"landbird","landbird"
"120","Chamaea_fasciata",4.9998374e-05,"Wrentit","wrenti",231378,223,"landbird","landbird"
"121","Charadrius_melodus",0.00154808595429905,"Piping Plover","pipplo",80312,356,"shorebird","shorebird"
"122","Charadrius_nivosus",4.9998374e-05,"Snowy Plover","snoplo5",62489,379,"shorebird","shorebird"
"123","Charadrius_semipalmatus",0.0179776088425969,"Semipalmated Plover","semplo",359662,177,"shorebird","shorebird"
"124","Charadrius_vociferus",1.68152735856991,"Killdeer","killde",2300106,30,"shorebird","shorebird"
"125","Charadrius_wilsonia",0.0019213580528653,"Wilson's Plover","wilplo",44537,421,"shorebird","shorebird"
"126","Chlidonias_niger",4.9998374e-05,"Black Tern","blkter",78387,359,"waterbird","gull_tern"
"127","Chloroceryle_americana",4.9998374e-05,"Green Kingfisher","grnkin",27269,478,"landbird","landbird"
"128","Chondestes_grammacus",0.0321450844489022,"Lark Sparrow","larspa",295069,198,"landbird","landbird"
"129","Chordeiles_acutipennis",4.9998374e-05,"Lesser Nighthawk","lesnig",25743,485,"landbird","landbird"
"130","Chordeiles_minor",4.9998374e-05,"Common Nighthawk","comnig",171035,275,"landbird","landbird"
"131","Chroicocephalus_philadelphia",0.492534551123018,"Bonaparte's Gull","bongul",300212,195,"waterbird","gull_tern"
"132","Cinclus_mexicanus",4.9998374e-05,"American Dipper","amedip",26152,481,"landbird","landbird"
"133","Circus_hudsonius",0.930241229558671,"Northern Harrier","norhar2",877837,79,"landbird","landbird"
"134","Cistothorus_palustris",0.0305977486876018,"Marsh Wren","marwre",451453,147,"landbird","landbird"
"135","Cistothorus_platensis",0.00660750230826649,"Sedge Wren","sedwre",68219,373,"landbird","landbird"
"136","Clangula_hyemalis",3.04444547480153,"Long-tailed Duck","lotduc",127845,310,"waterfowl","waterfowl"
"137","Coccothraustes_vespertinus",0.276014885642913,"Evening Grosbeak","evegro",36483,436,"landbird","landbird"
"138","Coccyzus_americanus",4.9998374e-05,"Yellow-billed Cuckoo","yebcuc",382451,167,"landbird","landbird"
"139","Coccyzus_erythropthalmus",4.9998374e-05,"Black-billed Cuckoo","bkbcuc",43309,424,"landbird","landbird"
"140","Colaptes_auratus",5.149926326235,"Northern Flicker","norfli",2914185,21,"landbird","landbird"
"141","Colinus_virginianus",0.00750017130817131,"Northern Bobwhite","norbob",153477,290,"landbird","landbird"
"142","Columba_livia",8.43386146543707,"Rock Pigeon","rocpig",1850316,38,"landbird","landbird"
"143","Columbina_inca",0.000696889999181513,"Inca Dove","incdov",158358,287,"landbird","landbird"
"144","Columbina_passerina",0.0251222741231453,"Common Ground-Dove","cogdov",195901,251,"landbird","landbird"
"145","Contopus_cooperi",4.9998374e-05,"Olive-sided Flycatcher","olsfly",82581,351,"landbird","landbird"
"146","Contopus_sordidulus",4.9998374e-05,"Western Wood-Pewee","wewpew",240546,218,"landbird","landbird"
"147","Contopus_virens",4.9998374e-05,"Eastern Wood-Pewee","eawpew",777554,87,"landbird","landbird"
"148","Coragyps_atratus",4.16579293305717,"Black Vulture","blkvul",1168662,58,"landbird","landbird"
"149","Corvus_brachyrhynchos",28.0703192209624,"American Crow","amecro",5352223,3,"landbird","landbird"
"150","Corvus_corax",1.66744567054972,"Common Raven","comrav",1331655,54,"landbird","landbird"
"151","Corvus_cryptoleucus",4.9998374e-05,"Chihuahuan Raven","chirav",41780,427,"landbird","landbird"
"152","Corvus_ossifragus",2.85561857487545,"Fish Crow","fiscro",963682,73,"landbird","landbird"
"153","Cyanocitta_cristata",32.0410431612862,"Blue Jay","blujay",4951616,5,"landbird","landbird"
"154","Cyanocitta_stelleri",4.9998374e-05,"Steller's Jay","stejay",404790,161,"landbird","landbird"
"155","Cyanocorax_yncas",4.9998374e-05,"Green Jay","grnjay",82143,352,"landbird","landbird"
"156","Cygnus_buccinator",0.748097169766072,"Trumpeter Swan","truswa",71198,368,"waterfowl","waterfowl"
"157","Cygnus_columbianus",0.944460487274392,"Tundra Swan","tunswa",133023,305,"waterfowl","waterfowl"
"158","Cygnus_olor",3.37488597550306,"Mute Swan","mutswa",451685,146,"waterfowl","waterfowl"
"159","Cynanthus_latirostris",0.00346346574807414,"Broad-billed Hummingbird","brbhum",81281,354,"landbird","landbird"
"160","Dendrocygna_autumnalis",0.00499551158092958,"Black-bellied Whistling-Duck","bbwduc",209951,242,"waterfowl","waterfowl"
"161","Dendrocygna_bicolor",4.9998374e-05,"Fulvous Whistling-Duck","fuwduc",28485,473,"waterfowl","waterfowl"
"162","Dolichonyx_oryzivorus",0.000109110714822576,"Bobolink","boboli",152920,291,"landbird","landbird"
"163","Dryobates_albolarvatus",4.9998374e-05,"White-headed Woodpecker","whhwoo",28018,475,"landbird","landbird"
"164","Dryobates_arizonae",4.9998374e-05,"Arizona Woodpecker","ariwoo",24316,495,"landbird","landbird"
"165","Dryobates_nuttallii",4.9998374e-05,"Nuttall's Woodpecker","nutwoo",370022,174,"landbird","landbird"
"166","Dryobates_pubescens",26.2314797750404,"Downy Woodpecker","dowwoo",3895679,12,"landbird","landbird"
"167","Dryobates_scalaris",4.9998374e-05,"Ladder-backed Woodpecker","labwoo",325098,184,"landbird","landbird"
"168","Dryobates_villosus",6.78041922742775,"Hairy Woodpecker","haiwoo",1141862,59,"landbird","landbird"
"169","Dryocopus_pileatus",3.12472305040912,"Pileated Woodpecker","pilwoo",1063160,64,"landbird","landbird"
"170","Dumetella_carolinensis",0.470712101642678,"Gray Catbird","grycat",2063099,33,"landbird","landbird"
"171","Egretta_caerulea",0.182926533806053,"Little Blue Heron","libher",575287,119,"waterbird","wading"
"172","Egretta_rufescens",0.00106151824719985,"Reddish Egret","redegr",109483,327,"waterbird","wading"
"173","Egretta_thula",0.25701500414093,"Snowy Egret","snoegr",1255478,57,"waterbird","wading"
"174","Egretta_tricolor",0.0828013361634774,"Tricolored Heron","triher",456418,145,"waterbird","wading"
"175","Elanoides_forficatus",4.9998374e-05,"Swallow-tailed Kite","swtkit",50828,403,"landbird","landbird"
"176","Elanus_leucurus",4.9998374e-05,"White-tailed Kite","whtkit",160987,283,"landbird","landbird"
"177","Empidonax_alnorum",4.9998374e-05,"Alder Flycatcher","aldfly",35857,439,"landbird","landbird"
"178","Empidonax_difficilis",0.00665417127570443,"Pacific-slope Flycatcher","pasfly",149342,294,"landbird","landbird"
"179","Empidonax_flaviventris",4.9998374e-05,"Yellow-bellied Flycatcher","yebfly",25037,488,"landbird","landbird"
"180","Empidonax_hammondii",0.000494106515000198,"Hammond's Flycatcher","hamfly",34735,442,"landbird","landbird"
"181","Empidonax_minimus",0.00212721890736657,"Least Flycatcher","leafly",153520,289,"landbird","landbird"
"182","Empidonax_oberholseri",4.9998374e-05,"Dusky Flycatcher","dusfly",49996,406,"landbird","landbird"
"183","Empidonax_occidentalis",4.9998374e-05,"Cordilleran Flycatcher","corfly",42520,426,"landbird","landbird"
"184","Empidonax_traillii",4.9998374e-05,"Willow Flycatcher","wilfly",194399,254,"landbird","landbird"
"185","Empidonax_virescens",4.9998374e-05,"Acadian Flycatcher","acafly",220618,232,"landbird","landbird"
"186","Empidonax_wrightii",4.9998374e-05,"Gray Flycatcher","gryfly",43886,422,"landbird","landbird"
"187","Eremophila_alpestris",0.810510847941406,"Horned Lark","horlar",447469,149,"landbird","landbird"
"188","Eudocimus_albus",0.279210142623586,"White Ibis","whiibi",625598,115,"waterbird","wading"
"189","Eugenes_fulgens",4.9998374e-05,"Rivoli's Hummingbird","maghum1",27854,476,"landbird","landbird"
"190","Euphagus_carolinus",0.320732746621897,"Rusty Blackbird","rusbla",128114,309,"landbird","blackbird"
"191","Euphagus_cyanocephalus",0.0218382272916798,"Brewer's Blackbird","brebla",496233,136,"landbird","blackbird"
"192","Falco_columbarius",0.485875427152404,"Merlin","merlin",229767,225,"landbird","landbird"
"193","Falco_mexicanus",0.000941582667240463,"Prairie Falcon","prafal",55616,388,"landbird","landbird"
"194","Falco_peregrinus",0.506363286819031,"Peregrine Falcon","perfal",298691,197,"landbird","landbird"
"195","Falco_sparverius",0.858360436418993,"American Kestrel","amekes",1304420,55,"landbird","landbird"
"196","Fregata_magnificens",4.9998374e-05,"Magnificent Frigatebird","magfri",52495,395,"waterbird","waterbird"
"197","Fulica_americana",3.51021330339734,"American Coot","y00475",1704862,43,"waterbird","waterbird"
"198","Fulmarus_glacialis",0.000355585288147888,"Northern Fulmar","norful",32500,453,"waterbird","waterbird"
"199","Gallinago_delicata",0.30414129293825,"Wilson's Snipe","wilsni1",283626,202,"shorebird","shorebird"
"200","Gallinula_galeata",0.11796560025424,"Common Gallinule","comgal1",431787,154,"waterbird","waterbird"
"201","Gavia_immer",1.52139340859133,"Common Loon","comloo",490441,137,"waterbird","waterbird"
"202","Gavia_pacifica",0.00274641453890357,"Pacific Loon","pacloo",55531,389,"waterbird","waterbird"
"203","Gavia_stellata",0.645980290391259,"Red-throated Loon","retloo",167202,277,"waterbird","waterbird"
"204","Gelochelidon_nilotica",4.9998374e-05,"Gull-billed Tern","gubter1",46967,415,"waterbird","gull_tern"
"205","Geococcyx_californianus",4.9998374e-05,"Greater Roadrunner","greroa",158256,288,"landbird","landbird"
"206","Geothlypis_formosa",4.9998374e-05,"Kentucky Warbler","kenwar",80522,355,"landbird","warbler"
"207","Geothlypis_philadelphia",4.9998374e-05,"Mourning Warbler","mouwar",32613,450,"landbird","warbler"
"208","Geothlypis_tolmiei",4.9998374e-05,"MacGillivray's Warbler","macwar",76437,362,"landbird","warbler"
"209","Geothlypis_trichas",0.0725786304035638,"Common Yellowthroat","comyel",1792447,41,"landbird","landbird"
"210","Geranoaetus_albicaudatus",4.9998374e-05,"White-tailed Hawk","whthaw",28724,472,"landbird","landbird"
"211","Gymnorhinus_cyanocephalus",4.9998374e-05,"Pinyon Jay","pinjay",25346,486,"landbird","landbird"
"212","Haematopus_bachmani",4.9998374e-05,"Black Oystercatcher","blkoys",74117,366,"shorebird","shorebird"
"213","Haematopus_palliatus",0.0323790267947106,"American Oystercatcher","ameoys",174804,270,"shorebird","shorebird"
"214","Haemorhous_cassinii",4.9998374e-05,"Cassin's Finch","casfin",83576,349,"landbird","landbird"
"215","Haemorhous_mexicanus",18.3333538593964,"House Finch","houfin",4001435,10,"landbird","landbird"
"216","Haemorhous_purpureus",1.1901093206321,"Purple Finch","purfin",355421,180,"landbird","landbird"
"217","Haliaeetus_leucocephalus",5.13456441389616,"Bald Eagle","baleag",1140854,60,"landbird","landbird"
"218","Helmitheros_vermivorum",4.9998374e-05,"Worm-eating Warbler","woewar1",102912,334,"landbird","warbler"
"219","Himantopus_mexicanus",0.000588834539391315,"Black-necked Stilt","bknsti",416309,159,"shorebird","shorebird"
"220","Hirundo_rustica",0.00120563382637801,"Barn Swallow","barswa",2019532,34,"landbird","landbird"
"221","Histrionicus_histrionicus",0.0676681278087094,"Harlequin Duck","harduc",26141,482,"waterfowl","waterfowl"
"222","Hydroprogne_caspia",0.0048808265992879,"Caspian Tern","caster1",394822,165,"waterbird","gull_tern"
"223","Hylocichla_mustelina",0.00171316035088114,"Wood Thrush","woothr",521988,127,"landbird","thrush"
"224","Icteria_virens",0.0337589147813036,"Yellow-breasted Chat","yebcha",243196,216,"landbird","landbird"
"225","Icterus_bullockii",0.032572735394618,"Bullock's Oriole","bulori",211632,240,"landbird","blackbird"
"226","Icterus_cucullatus",4.9998374e-05,"Hooded Oriole","hooori",133710,304,"landbird","blackbird"
"227","Icterus_galbula",0.411100029491602,"Baltimore Oriole","balori",780576,86,"landbird","blackbird"
"228","Icterus_gularis",4.9998374e-05,"Altamira Oriole","altori",30237,465,"landbird","blackbird"
"229","Icterus_parisorum",0.000447603457130552,"Scott's Oriole","scoori",34233,445,"landbird","blackbird"
"230","Icterus_spurius",0.000359041257750201,"Orchard Oriole","orcori",364789,175,"landbird","blackbird"
"231","Ictinia_mississippiensis",4.9998374e-05,"Mississippi Kite","miskit",106402,330,"landbird","landbird"
"232","Ixobrychus_exilis",0.000976738396556174,"Least Bittern","leabit",65139,376,"waterbird","wading"
"233","Ixoreus_naevius",0.0101091307753515,"Varied Thrush","varthr",39970,432,"landbird","thrush"
"234","Junco_hyemalis",28.1782651154536,"Dark-eyed Junco","daejun",2582115,26,"landbird","landbird"
"235","Junco_phaeonotus",4.9998374e-05,"Yellow-eyed Junco","yeejun",32533,452,"landbird","landbird"
"236","Lanius_borealis",0.175019016650587,"Northern Shrike","norshr4",24878,491,"landbird","landbird"
"237","Lanius_ludovicianus",0.140126499553651,"Loggerhead Shrike","logshr",511530,132,"landbird","landbird"
"238","Larus_argentatus",11.6192230226313,"Herring Gull","hergul",1465048,48,"waterbird","gull_tern"
"239","Larus_californicus",0.000415850576376844,"California Gull","calgul",434120,153,"waterbird","gull_tern"
"240","Larus_canus",0.00938550226135829,"Mew Gull","mewgul",49384,408,"waterbird","gull_tern"
"241","Larus_delawarensis",19.3912968068981,"Ring-billed Gull","ribgul",2405179,29,"waterbird","gull_tern"
"242","Larus_fuscus",0.599031357093436,"Lesser Black-backed Gull","lbbgul",114527,324,"waterbird","gull_tern"
"243","Larus_glaucescens",4.9998374e-05,"Glaucous-winged Gull","glwgul",79035,357,"waterbird","gull_tern"
"244","Larus_glaucoides",0.451383093818675,"Iceland Gull","y00478",55168,392,"waterbird","gull_tern"
"245","Larus_heermanni",4.9998374e-05,"Heermann's Gull","heegul",135734,303,"waterbird","gull_tern"
"246","Larus_marinus",5.74474548175633,"Great Black-backed Gull","gbbgul",690738,100,"waterbird","gull_tern"
"247","Larus_occidentalis",4.9998374e-05,"Western Gull","wesgul",463280,144,"waterbird","gull_tern"
"248","Leptotila_verreauxi",4.9998374e-05,"White-tipped Dove","whtdov",48789,410,"landbird","landbird"
"249","Leucophaeus_atricilla",0.171271444701107,"Laughing Gull","laugul",890315,78,"waterbird","gull_tern"
"250","Leucophaeus_pipixcan",9.25073134096376e-05,"Franklin's Gull","fragul",89442,343,"waterbird","gull_tern"
"251","Limnodromus_griseus",0.0107750007480493,"Short-billed Dowitcher","shbdow",198415,249,"shorebird","shorebird"
"252","Limnodromus_scolopaceus",0.00993445810064936,"Long-billed Dowitcher","lobdow",207272,243,"shorebird","shorebird"
"253","Limosa_fedoa",0.0112238173629635,"Marbled Godwit","margod",203369,244,"shorebird","shorebird"
"254","Lonchura_punctulata",4.9998374e-05,"Scaly-breasted Munia","nutman",46687,416,"landbird","landbird"
"255","Lophodytes_cucullatus",6.4072257965668,"Hooded Merganser","hoomer",638670,112,"waterfowl","waterfowl"
"256","Loxia_curvirostra",0.0945000008964776,"Red Crossbill","redcro",47204,414,"landbird","landbird"
"257","Mareca_americana",1.10070643660313,"American Wigeon","amewig",682988,104,"waterfowl","waterfowl"
"258","Mareca_penelope",0.0690654116431269,"Eurasian Wigeon","eurwig",30882,461,"waterfowl","waterfowl"
"259","Mareca_strepera",1.93621111055329,"Gadwall","gadwal",952951,74,"waterfowl","waterfowl"
"260","Megaceryle_alcyon",3.66834800571621,"Belted Kingfisher","belkin1",1551566,45,"landbird","landbird"
"261","Megascops_asio",0.144540763240868,"Eastern Screech-Owl","easowl1",106981,329,"landbird","landbird"
"262","Megascops_kennicottii",4.9998374e-05,"Western Screech-Owl","wesowl1",26814,479,"landbird","landbird"
"263","Melanerpes_aurifrons",4.9998374e-05,"Golden-fronted Woodpecker","gofwoo",182412,263,"landbird","landbird"
"264","Melanerpes_carolinus",21.3470643790503,"Red-bellied Woodpecker","rebwoo",3845357,14,"landbird","landbird"
"265","Melanerpes_erythrocephalus",0.658320781128749,"Red-headed Woodpecker","rehwoo",396100,163,"landbird","landbird"
"266","Melanerpes_formicivorus",4.9998374e-05,"Acorn Woodpecker","acowoo",449219,148,"landbird","landbird"
"267","Melanerpes_lewis",7.83891120242266e-05,"Lewis's Woodpecker","lewwoo",30210,466,"landbird","landbird"
"268","Melanerpes_uropygialis",4.9998374e-05,"Gila Woodpecker","gilwoo",225750,227,"landbird","landbird"
"269","Melanitta_americana",0.545071962571301,"Black Scoter","blksco2",123096,315,"waterfowl","waterfowl"
"270","Melanitta_deglandi",1.04510574307315,"White-winged Scoter","whwsco4",117523,320,"waterfowl","waterfowl"
"271","Melanitta_perspicillata",0.787426675873776,"Surf Scoter","sursco",232824,222,"waterfowl","waterfowl"
"272","Meleagris_gallopavo",0.416571349297682,"Wild Turkey","wiltur",485960,138,"landbird","landbird"
"273","Melospiza_georgiana",0.713970345125179,"Swamp Sparrow","swaspa",685656,101,"landbird","landbird"
"274","Melospiza_lincolnii",0.0101543897753786,"Lincoln's Sparrow","linspa",427747,156,"landbird","landbird"
"275","Melospiza_melodia",14.8187098278574,"Song Sparrow","sonspa",4106627,8,"landbird","landbird"
"276","Melozone_aberti",4.9998374e-05,"Abert's Towhee","abetow",149790,293,"landbird","landbird"
"277","Melozone_crissalis",4.9998374e-05,"California Towhee","caltow",595095,116,"landbird","landbird"
"278","Melozone_fusca",4.9998374e-05,"Canyon Towhee","cantow",117439,321,"landbird","landbird"
"279","Mergus_merganser",5.05873410100295,"Common Merganser","commer",536625,125,"waterfowl","waterfowl"
"280","Mergus_serrator",4.25176576088436,"Red-breasted Merganser","rebmer",513166,130,"waterfowl","waterfowl"
"281","Mimus_polyglottos",10.2430536716388,"Northern Mockingbird","normoc",3444592,16,"landbird","landbird"
"282","Mniotilta_varia",0.0701915811249894,"Black-and-white Warbler","bawwar",634501,113,"landbird","warbler"
"283","Molothrus_aeneus",4.9998374e-05,"Bronzed Cowbird","brocow",51900,398,"landbird","blackbird"
"284","Molothrus_ater",1.71962643580888,"Brown-headed Cowbird","bnhcow",1870230,37,"landbird","blackbird"
"285","Morus_bassanus",0.137442165274646,"Northern Gannet","norgan",121689,316,"waterbird","waterbird"
"286","Myadestes_townsendi",0.0187433791533485,"Townsend's Solitaire","towsol",100338,336,"landbird","thrush"
"287","Mycteria_americana",0.0717440748399063,"Wood Stork","woosto",194025,255,"waterbird","wading"
"288","Myiarchus_cinerascens",0.0281664875362253,"Ash-throated Flycatcher","astfly",214506,237,"landbird","landbird"
"289","Myiarchus_crinitus",4.9998374e-05,"Great Crested Flycatcher","grcfly",806418,85,"landbird","landbird"
"290","Myiarchus_tuberculifer",4.9998374e-05,"Dusky-capped Flycatcher","ducfly",29010,470,"landbird","landbird"
"291","Myiarchus_tyrannulus",4.9998374e-05,"Brown-crested Flycatcher","bncfly",51932,397,"landbird","landbird"
"292","Myioborus_pictus",4.9998374e-05,"Painted Redstart","paired",42851,425,"landbird","warbler"
"293","Myiopsitta_monachus",0.127619792630906,"Monk Parakeet","monpar",55390,391,"landbird","landbird"
"294","Nucifraga_columbiana",4.9998374e-05,"Clark's Nutcracker","clanut",50746,404,"landbird","landbird"
"295","Numenius_americanus",0.000709195635643032,"Long-billed Curlew","lobcur",160643,285,"shorebird","shorebird"
"296","Numenius_phaeopus",0.00266552493260936,"Whimbrel","whimbr",143094,298,"shorebird","shorebird"
"297","Nyctanassa_violacea",0.00931969439256118,"Yellow-crowned Night-Heron","ycnher",179893,266,"waterbird","wading"
"298","Nycticorax_nycticorax",1.71125387232327,"Black-crowned Night-Heron","bcnher",519046,129,"waterbird","wading"
"299","Oceanites_oceanicus",4.9998374e-05,"Wilson's Storm-Petrel","wispet",25874,483,"waterbird","waterbird"
"300","Oreortyx_pictus",4.9998374e-05,"Mountain Quail","mouqua",23825,498,"landbird","landbird"
"301","Oreoscoptes_montanus",0.00027436181516199,"Sage Thrasher","sagthr",41640,430,"landbird","landbird"
"302","Oreothlypis_celata",0.408756296654811,"Orange-crowned Warbler","orcwar",669226,107,"landbird","warbler"
"303","Oreothlypis_luciae",0.000304603325694207,"Lucy's Warbler","lucwar",66005,375,"landbird","warbler"
"304","Oreothlypis_peregrina",0.0017358793632746,"Tennessee Warbler","tenwar",216154,235,"landbird","warbler"
"305","Oreothlypis_ruficapilla",0.00915132230136593,"Nashville Warbler","naswar",270596,208,"landbird","warbler"
"306","Oreothlypis_virginiae",0.000678756615890021,"Virginia's Warbler","virwar",29599,467,"landbird","warbler"
"307","Ortalis_vetula",4.9998374e-05,"Plain Chachalaca","placha",50635,405,"landbird","landbird"
"308","Oxyura_jamaicensis",2.67590216066685,"Ruddy Duck","rudduc",859290,81,"waterfowl","waterfowl"
"309","Pandion_haliaetus",0.248084355769823,"Osprey","osprey",1381052,52,"landbird","landbird"
"310","Parabuteo_unicinctus",4.9998374e-05,"Harris's Hawk","hrshaw",55450,390,"landbird","landbird"
"311","Parkesia_motacilla",4.9998374e-05,"Louisiana Waterthrush","louwat",161808,282,"landbird","warbler"
"312","Parkesia_noveboracensis",0.000636236744626282,"Northern Waterthrush","norwat",199057,246,"landbird","warbler"
"313","Passer_domesticus",13.5882852157132,"House Sparrow","houspa",3215495,20,"landbird","landbird"
"314","Passerculus_sandwichensis",0.503135474069054,"Savannah Sparrow","savspa",861668,80,"landbird","landbird"
"315","Passerella_iliaca",0.961560404281845,"Fox Sparrow","foxspa",356740,179,"landbird","landbird"
"316","Passerina_amoena",0.000517133679312882,"Lazuli Bunting","lazbun",125416,314,"landbird","landbird"
"317","Passerina_caerulea",0.0033058930833404,"Blue Grosbeak","blugrb1",352531,181,"landbird","landbird"
"318","Passerina_ciris",0.158923632059028,"Painted Bunting","paibun",182064,264,"landbird","landbird"
"319","Passerina_cyanea",0.00205972535409913,"Indigo Bunting","indbun",1003664,70,"landbird","landbird"
"320","Patagioenas_fasciata",0.00288578986261269,"Band-tailed Pigeon","batpig1",169010,276,"landbird","landbird"
"321","Pelecanus_erythrorhynchos",0.0777908105047946,"American White Pelican","amwpel",506642,134,"waterbird","waterbird"
"322","Pelecanus_occidentalis",0.267218019332517,"Brown Pelican","brnpel",715464,93,"waterbird","waterbird"
"323","Petrochelidon_fulva",0.000667005465802942,"Cave Swallow","cavswa",51130,401,"landbird","landbird"
"324","Petrochelidon_pyrrhonota",4.9998374e-05,"Cliff Swallow","cliswa",509484,133,"landbird","landbird"
"325","Peucaea_carpalis",4.9998374e-05,"Rufous-winged Sparrow","ruwspa",35915,438,"landbird","landbird"
"326","Peucaea_cassinii",4.9998374e-05,"Cassin's Sparrow","casspa",31300,460,"landbird","landbird"
"327","Phainopepla_nitens",4.9998374e-05,"Phainopepla","phaino",177110,268,"landbird","landbird"
"328","Phalacrocorax_auritus",2.54274203923609,"Double-crested Cormorant","doccor",2461052,28,"waterbird","waterbird"
"329","Phalacrocorax_brasilianus",4.9998374e-05,"Neotropic Cormorant","neocor",197194,250,"waterbird","waterbird"
"330","Phalacrocorax_carbo",0.202901660114033,"Great Cormorant","grecor",51987,396,"waterbird","waterbird"
"331","Phalacrocorax_pelagicus",4.9998374e-05,"Pelagic Cormorant","pelcor",83822,347,"waterbird","waterbird"
"332","Phalacrocorax_penicillatus",4.9998374e-05,"Brandt's Cormorant","bracor",137208,302,"waterbird","waterbird"
"333","Phalaropus_fulicarius",0.000432775194604683,"Red Phalarope","redpha1",24898,490,"shorebird","shorebird"
"334","Phalaropus_lobatus",4.9998374e-05,"Red-necked Phalarope","renpha",74875,364,"shorebird","shorebird"
"335","Phalaropus_tricolor",4.9998374e-05,"Wilson's Phalarope","wilpha",100568,335,"shorebird","shorebird"
"336","Phasianus_colchicus",0.0413078026232686,"Ring-necked Pheasant","rinphe",138940,301,"landbird","landbird"
"337","Pheucticus_ludovicianus",0.00327938028010876,"Rose-breasted Grosbeak","robgro",463685,142,"landbird","landbird"
"338","Pheucticus_melanocephalus",4.9998374e-05,"Black-headed Grosbeak","bkhgro",289323,199,"landbird","landbird"
"339","Phoebastria_nigripes",4.9998374e-05,"Black-footed Albatross","bkfalb",23928,496,"waterbird","waterbird"
"340","Pica_hudsonia",6.83962173390538e-05,"Black-billed Magpie","bkbmag1",317199,188,"landbird","landbird"
"341","Pica_nuttalli",4.9998374e-05,"Yellow-billed Magpie","yebmag",44684,420,"landbird","landbird"
"342","Pipilo_chlorurus",0.00272851590955125,"Green-tailed Towhee","gnttow",107387,328,"landbird","landbird"
"343","Pipilo_erythrophthalmus",2.9256736450199,"Eastern Towhee","eastow",1531466,46,"landbird","landbird"
"344","Pipilo_maculatus",0.0117170968428035,"Spotted Towhee","spotow",770467,88,"landbird","landbird"
"345","Piranga_flava",4.9998374e-05,"Hepatic Tanager","heptan",31619,458,"landbird","landbird"
"346","Piranga_ludoviciana",0.0933844561224422,"Western Tanager","westan",240455,219,"landbird","landbird"
"347","Piranga_olivacea",4.9998374e-05,"Scarlet Tanager","scatan",439463,152,"landbird","landbird"
"348","Piranga_rubra",0.0464154310879863,"Summer Tanager","sumtan",375057,171,"landbird","landbird"
"349","Pitangus_sulphuratus",4.9998374e-05,"Great Kiskadee","grekis",109802,326,"landbird","landbird"
"350","Platalea_ajaja",0.00365547933826347,"Roseate Spoonbill","rosspo1",188909,257,"waterbird","wading"
"351","Plectrophenax_nivalis",0.623293809056902,"Snow Bunting","snobun",47310,413,"landbird","landbird"
"352","Plegadis_chihi",0.000875292355833873,"White-faced Ibis","whfibi",216811,234,"waterbird","wading"
"353","Plegadis_falcinellus",0.00671493574423554,"Glossy Ibis","gloibi",217052,233,"waterbird","wading"
"354","Pluvialis_dominica",4.9998374e-05,"American Golden-Plover","amgplo",41663,429,"shorebird","shorebird"
"355","Pluvialis_squatarola",0.0348125897341661,"Black-bellied Plover","bkbplo",404776,162,"shorebird","shorebird"
"356","Podiceps_auritus",1.10932388041537,"Horned Grebe","horgre",328644,183,"waterbird","waterbird"
"357","Podiceps_grisegena",0.263780218496406,"Red-necked Grebe","rengre",48016,411,"waterbird","waterbird"
"358","Podiceps_nigricollis",0.0227258322416803,"Eared Grebe","eargre",284787,200,"waterbird","waterbird"
"359","Podilymbus_podiceps",2.69613645453105,"Pied-billed Grebe","pibgre",1390255,51,"waterbird","waterbird"
"360","Poecile_atricapillus",15.5827937667715,"Black-capped Chickadee","bkcchi",2247625,31,"landbird","landbird"
"361","Poecile_carolinensis",17.1555677063102,"Carolina Chickadee","carchi",2484269,27,"landbird","landbird"
"362","Poecile_gambeli",4.9998374e-05,"Mountain Chickadee","mouchi",277459,205,"landbird","landbird"
"363","Poecile_rufescens",4.9998374e-05,"Chestnut-backed Chickadee","chbchi",262974,211,"landbird","landbird"
"364","Polioptila_caerulea",0.0974237085855133,"Blue-gray Gnatcatcher","buggna",1530823,47,"landbird","landbird"
"365","Polioptila_melanura",4.9998374e-05,"Black-tailed Gnatcatcher","bktgna",86913,344,"landbird","landbird"
"366","Pooecetes_gramineus",0.0256078681321542,"Vesper Sparrow","vesspa",186322,261,"landbird","landbird"
"367","Porphyrio_martinica",0.000686042824980469,"Purple Gallinule","purgal2",58584,385,"waterbird","waterbird"
"368","Porzana_carolina",0.00698867490699181,"Sora","sora",211425,241,"waterbird","waterbird"
"369","Progne_subis",0.0028065426493954,"Purple Martin","purmar",512255,131,"landbird","landbird"
"370","Protonotaria_citrea",4.9998374e-05,"Prothonotary Warbler","prowar",162232,280,"landbird","warbler"
"371","Psaltriparus_minimus",4.9998374e-05,"Bushtit","bushti",575511,118,"landbird","landbird"
"372","Ptychoramphus_aleuticus",4.9998374e-05,"Cassin's Auklet","casauk",30327,464,"waterbird","waterbird"
"373","Puffinus_opisthomelas",4.9998374e-05,"Black-vented Shearwater","bkvshe",35388,440,"waterbird","waterbird"
"374","Pyrocephalus_rubinus",0.00769524351046359,"Vermilion Flycatcher","verfly",171868,274,"landbird","landbird"
"375","Quiscalus_major",0.424346358324819,"Boat-tailed Grackle","botgra",479745,140,"landbird","blackbird"
"376","Quiscalus_mexicanus",4.9998374e-05,"Great-tailed Grackle","grtgra",761133,90,"landbird","blackbird"
"377","Quiscalus_quiscula",2.18536377330874,"Common Grackle","comgra",2582854,25,"landbird","blackbird"
"378","Rallus_crepitans",0.0412388851281285,"Clapper Rail","clarai11",119974,318,"waterbird","waterbird"
"379","Rallus_elegans",0.00438350022557882,"King Rail","kinrai4",28193,474,"waterbird","waterbird"
"380","Rallus_limicola",0.0241573234093867,"Virginia Rail","virrai",131086,307,"waterbird","waterbird"
"381","Recurvirostra_americana",0.00504528241639583,"American Avocet","ameavo",309263,191,"shorebird","shorebird"
"382","Regulus_calendula",2.2613335499248,"Ruby-crowned Kinglet","ruckin",1634167,44,"landbird","landbird"
"383","Regulus_satrapa",1.93226790759864,"Golden-crowned Kinglet","gockin",577993,117,"landbird","landbird"
"384","Riparia_riparia",4.9998374e-05,"Bank Swallow","banswa",185749,262,"landbird","landbird"
"385","Rynchops_niger",0.0122530243154228,"Black Skimmer","blkski",172981,272,"shorebird","shorebird"
"386","Salpinctes_obsoletus",0.0021493117764372,"Rock Wren","rocwre",141827,300,"landbird","landbird"
"387","Sayornis_nigricans",0.00091222373216984,"Black Phoebe","blkpho",1093646,63,"landbird","landbird"
"388","Sayornis_phoebe",1.18488854951832,"Eastern Phoebe","easpho",1779051,42,"landbird","landbird"
"389","Sayornis_saya",0.00784428599503689,"Say's Phoebe","saypho",496371,135,"landbird","landbird"
"390","Scolopax_minor",0.0221610049002603,"American Woodcock","amewoo",75579,363,"shorebird","shorebird"
"391","Seiurus_aurocapilla",0.0114774225176513,"Ovenbird","ovenbi1",485870,139,"landbird","warbler"
"392","Selasphorus_platycercus",0.000576238828273804,"Broad-tailed Hummingbird","brthum",162110,281,"landbird","landbird"
"393","Selasphorus_rufus",0.207294540996864,"Rufous Hummingbird","rufhum",105686,331,"landbird","landbird"
"394","Selasphorus_sasin",0.0014885698800103,"Allen's Hummingbird","allhum",195429,253,"landbird","landbird"
"395","Setophaga_americana",0.0022008297032086,"Northern Parula","norpar",648818,110,"landbird","warbler"
"396","Setophaga_caerulescens",0.00900040635832526,"Black-throated Blue Warbler","btbwar",230157,224,"landbird","warbler"
"397","Setophaga_castanea",0.000144736229711151,"Bay-breasted Warbler","babwar",96715,337,"landbird","warbler"
"398","Setophaga_cerulea",4.9998374e-05,"Cerulean Warbler","cerwar",49264,409,"landbird","warbler"
"399","Setophaga_citrina",5.27444916899357e-05,"Hooded Warbler","hoowar",228811,226,"landbird","warbler"
"400","Setophaga_coronata",5.5508567398918,"Yellow-rumped Warbler","yerwar",2784070,24,"landbird","warbler"
"401","Setophaga_discolor",0.00507818691920591,"Prairie Warbler","prawar",251312,214,"landbird","warbler"
"402","Setophaga_dominica",0.0929000318833792,"Yellow-throated Warbler","yetwar",254589,213,"landbird","warbler"
"403","Setophaga_fusca",4.9998374e-05,"Blackburnian Warbler","bkbwar",160711,284,"landbird","warbler"
"404","Setophaga_magnolia",0.000144135193880107,"Magnolia Warbler","magwar",333579,182,"landbird","warbler"
"405","Setophaga_nigrescens",0.00334712512066117,"Black-throated Gray Warbler","btywar",120712,317,"landbird","warbler"
"406","Setophaga_occidentalis",4.9998374e-05,"Hermit Warbler","herwar",37527,435,"landbird","warbler"
"407","Setophaga_palmarum",0.314175864503318,"Palm Warbler","palwar",711835,95,"landbird","warbler"
"408","Setophaga_pensylvanica",0.000173598138582434,"Chestnut-sided Warbler","chswar",284720,201,"landbird","warbler"
"409","Setophaga_petechia",0.00137777232542156,"Yellow Warbler","yelwar",1136993,61,"landbird","warbler"
"410","Setophaga_pinus",1.6203964810145,"Pine Warbler","pinwar",700422,98,"landbird","warbler"
"411","Setophaga_ruticilla",0.00118989377368214,"American Redstart","amered",659156,108,"landbird","warbler"
"412","Setophaga_striata",4.9998374e-05,"Blackpoll Warbler","bkpwar",221923,231,"landbird","warbler"
"413","Setophaga_tigrina",0.00950951360522547,"Cape May Warbler","camwar",115436,323,"landbird","warbler"
"414","Setophaga_townsendi",0.0131494772642498,"Townsend's Warbler","towwar",179228,267,"landbird","warbler"
"415","Setophaga_virens",0.000363084969210939,"Black-throated Green Warbler","btnwar",361488,176,"landbird","warbler"
"416","Sialia_currucoides",0.00180390059634076,"Mountain Bluebird","moublu",105456,332,"landbird","thrush"
"417","Sialia_mexicana",4.9998374e-05,"Western Bluebird","wesblu",421511,158,"landbird","thrush"
"418","Sialia_sialis",6.27477063997364,"Eastern Bluebird","easblu",1932057,36,"landbird","thrush"
"419","Sitta_canadensis",2.89871278297868,"Red-breasted Nuthatch","rebnut",520666,128,"landbird","landbird"
"420","Sitta_carolinensis",21.3390032834173,"White-breasted Nuthatch","whbnut",2903940,22,"landbird","landbird"
"421","Sitta_pusilla",1.06169769787584,"Brown-headed Nuthatch","bnhnut",299340,196,"landbird","landbird"
"422","Sitta_pygmaea",4.9998374e-05,"Pygmy Nuthatch","pygnut",180926,265,"landbird","landbird"
"423","Somateria_mollissima",0.427466953522089,"Common Eider","comeid",112450,325,"waterfowl","waterfowl"
"424","Spatula_clypeata",1.10561314767344,"Northern Shoveler","norsho",951147,75,"waterfowl","waterfowl"
"425","Spatula_cyanoptera",0.000103541912675504,"Cinnamon Teal","cintea",268686,209,"waterfowl","waterfowl"
"426","Spatula_discors",0.0703637337315182,"Blue-winged Teal","buwtea",658935,109,"waterfowl","waterfowl"
"427","Sphyrapicus_nuchalis",4.9998374e-05,"Red-naped Sapsucker","rensap",53616,394,"landbird","landbird"
"428","Sphyrapicus_ruber",4.9998374e-05,"Red-breasted Sapsucker","rebsap",62863,378,"landbird","landbird"
"429","Sphyrapicus_varius",3.33314695230298,"Yellow-bellied Sapsucker","yebsap",525663,126,"landbird","landbird"
"430","Spinus_lawrencei",4.9998374e-05,"Lawrence's Goldfinch","lawgol",33464,448,"landbird","landbird"
"431","Spinus_pinus",1.47095451640116,"Pine Siskin","pinsis",463453,143,"landbird","landbird"
"432","Spinus_psaltria",4.9998374e-05,"Lesser Goldfinch","lesgol",998864,71,"landbird","landbird"
"433","Spinus_tristis",20.228233263456,"American Goldfinch","amegfi",3982283,11,"landbird","landbird"
"434","Spiza_americana",0.079052040777933,"Dickcissel","dickci",175545,269,"landbird","landbird"
"435","Spizella_breweri",0.000225706013604453,"Brewer's Sparrow","brespa",89744,342,"landbird","landbird"
"436","Spizella_pallida",0.0494830485770128,"Clay-colored Sparrow","clcspa",61904,381,"landbird","landbird"
"437","Spizella_passerina",1.77607737564319,"Chipping Sparrow","chispa",1836501,39,"landbird","landbird"
"438","Spizella_pusilla",0.475701778100631,"Field Sparrow","fiespa",816757,83,"landbird","landbird"
"439","Spizelloides_arborea",3.81888505770332,"American Tree Sparrow","amtspa",430546,155,"landbird","landbird"
"440","Stelgidopteryx_serripennis",0.00834035574435159,"Northern Rough-winged Swallow","nrwswa",807212,84,"landbird","landbird"
"441","Stercorarius_parasiticus",0.000578480409581451,"Parasitic Jaeger","parjae",33587,447,"waterbird","waterbird"
"442","Stercorarius_pomarinus",0.000972575860452829,"Pomarine Jaeger","pomjae",30434,463,"waterbird","waterbird"
"443","Sterna_forsteri",0.172016000319627,"Forster's Tern","forter",561577,122,"waterbird","gull_tern"
"444","Sterna_hirundo",0.000133713822307802,"Common Tern","comter",190784,256,"waterbird","gull_tern"
"445","Sternula_antillarum",4.9998374e-05,"Least Tern","leater1",198710,248,"waterbird","gull_tern"
"446","Streptopelia_decaocto",0.107843164366665,"Eurasian Collared-Dove","eucdov",1122528,62,"landbird","landbird"
"447","Strix_varia",0.1826263522863,"Barred Owl","brdowl",240865,217,"landbird","landbird"
"448","Sturnella_magna",0.263133063353024,"Eastern Meadowlark","easmea",633020,114,"landbird","landbird"
"449","Sturnella_neglecta",0.00020161905302284,"Western Meadowlark","wesmea",539434,124,"landbird","landbird"
"450","Sturnus_vulgaris",14.36475526163,"European Starling","eursta",4314466,6,"landbird","landbird"
"451","Tachybaptus_dominicus",4.9998374e-05,"Least Grebe","leagre",40832,431,"waterbird","waterbird"
"452","Tachycineta_bicolor",0.270640419137288,"Tree Swallow","treswa",1799842,40,"landbird","landbird"
"453","Tachycineta_thalassina",4.9998374e-05,"Violet-green Swallow","vigswa",257273,212,"landbird","landbird"
"454","Thalasseus_elegans",4.9998374e-05,"Elegant Tern","eleter1",78830,358,"waterbird","gull_tern"
"455","Thalasseus_maximus",0.0200358154037548,"Royal Tern","royter1",357863,178,"waterbird","gull_tern"
"456","Thalasseus_sandvicensis",0.00121543528470161,"Sandwich Tern","santer1",93506,339,"waterbird","gull_tern"
"457","Thryomanes_bewickii",4.9998374e-05,"Bewick's Wren","bewwre",692917,99,"landbird","landbird"
"458","Thryothorus_ludovicianus",19.4517184904206,"Carolina Wren","carwre",3242925,19,"landbird","landbird"
"459","Toxostoma_crissale",4.9998374e-05,"Crissal Thrasher","crithr",32175,454,"landbird","landbird"
"460","Toxostoma_curvirostre",4.9998374e-05,"Curve-billed Thrasher","cubthr",213992,238,"landbird","landbird"
"461","Toxostoma_longirostre",4.9998374e-05,"Long-billed Thrasher","lobthr",64680,377,"landbird","landbird"
"462","Toxostoma_redivivum",4.9998374e-05,"California Thrasher","calthr",115524,322,"landbird","landbird"
"463","Toxostoma_rufum",1.31124018836729,"Brown Thrasher","brnthr",910939,76,"landbird","landbird"
"464","Tringa_flavipes",0.0149497396702093,"Lesser Yellowlegs","lesyel",427503,157,"shorebird","shorebird"
"465","Tringa_melanoleuca",0.177755713519228,"Greater Yellowlegs","greyel",714938,94,"shorebird","shorebird"
"466","Tringa_semipalmata",0.0618830443872595,"Willet","willet1",569248,120,"shorebird","shorebird"
"467","Tringa_solitaria",0.000964528882446572,"Solitary Sandpiper","solsan",225419,228,"shorebird","shorebird"
"468","Troglodytes_aedon",0.199490240948565,"House Wren","houwre",1425789,49,"landbird","landbird"
"469","Troglodytes_hiemalis",0.689469878505423,"Winter Wren","winwre3",195824,252,"landbird","landbird"
"470","Troglodytes_pacificus",4.9998374e-05,"Pacific Wren","pacwre1",47850,412,"landbird","landbird"
"471","Turdus_grayi",4.9998374e-05,"Clay-colored Thrush","clcrob",23668,499,"landbird","thrush"
"472","Turdus_migratorius",11.9618115390301,"American Robin","amerob",5344068,4,"landbird","thrush"
"473","Tyrannus_couchii",0.000640987363175082,"Couch's Kingbird","coukin",62214,380,"landbird","landbird"
"474","Tyrannus_dominicensis",4.9998374e-05,"Gray Kingbird","grykin",24785,493,"landbird","landbird"
"475","Tyrannus_forficatus",0.000226946015505458,"Scissor-tailed Flycatcher","sctfly",212338,239,"landbird","landbird"
"476","Tyrannus_melancholicus",4.9998374e-05,"Tropical Kingbird","trokin",34935,441,"landbird","landbird"
"477","Tyrannus_tyrannus",4.9998374e-05,"Eastern Kingbird","easkin",838225,82,"landbird","landbird"
"478","Tyrannus_verticalis",0.0210989655610691,"Western Kingbird","weskin",379102,169,"landbird","landbird"
"479","Tyrannus_vociferans",0.0020287093878456,"Cassin's Kingbird","caskin",198830,247,"landbird","landbird"
"480","Tyto_alba",0.00768100192536065,"Barn Owl","brnowl",59562,383,"landbird","landbird"
"481","Uria_aalge",0.00092586837693223,"Common Murre","commur",77983,360,"waterbird","waterbird"
"482","Vermivora_chrysoptera",4.9998374e-05,"Golden-winged Warbler","gowwar",32064,455,"landbird","warbler"
"483","Vermivora_cyanoptera",4.9998374e-05,"Blue-winged Warbler","buwwar",146579,296,"landbird","warbler"
"484","Vireo_bellii",0.000637697778917826,"Bell's Vireo","belvir",119852,319,"landbird","vireo"
"485","Vireo_cassinii",4.9998374e-05,"Cassin's Vireo","casvir",49763,407,"landbird","landbird"
"486","Vireo_flavifrons",4.9998374e-05,"Yellow-throated Vireo","yetvir",274142,206,"landbird","vireo"
"487","Vireo_gilvus",4.9998374e-05,"Warbling Vireo","warvir",641670,111,"landbird","vireo"
"488","Vireo_griseus",0.0570345919119185,"White-eyed Vireo","whevir",708764,96,"landbird","vireo"
"489","Vireo_huttoni",4.9998374e-05,"Hutton's Vireo","hutvir",172445,273,"landbird","vireo"
"490","Vireo_olivaceus",4.9998374e-05,"Red-eyed Vireo","reevir1",1014356,67,"landbird","vireo"
"491","Vireo_philadelphicus",4.9998374e-05,"Philadelphia Vireo","phivir",51155,400,"landbird","vireo"
"492","Vireo_plumbeus",4.9998374e-05,"Plumbeous Vireo","plsvir",71007,369,"landbird","vireo"
"493","Vireo_solitarius",0.125516599371781,"Blue-headed Vireo","buhvir",325063,185,"landbird","vireo"
"494","Xanthocephalus_xanthocephalus",0.0159974241257469,"Yellow-headed Blackbird","yehbla",146659,295,"landbird","blackbird"
"495","Zenaida_asiatica",0.0160466402996781,"White-winged Dove","whwdov",678325,105,"landbird","landbird"
"496","Zenaida_macroura",21.6445868416729,"Mourning Dove","moudov",6321660,1,"landbird","landbird"
"497","Zonotrichia_albicollis",21.2819565044707,"White-throated Sparrow","whtspa",1949036,35,"landbird","landbird"
"498","Zonotrichia_atricapilla",0.00232353894429417,"Golden-crowned Sparrow","gocspa",317111,189,"landbird","landbird"
"499","Zonotrichia_leucophrys",0.711839075759601,"White-crowned Sparrow","whcspa",1420665,50,"landbird","landbird"
"500","Zonotrichia_querula",0.0725171846109829,"Harris's Sparrow","harspa",81658,353,"landbird","landbird"
